Piratas Playground 01,40.537139,-3.628253
Invernadero Alcobendas,40.538258,-3.625884
Excavadora Infantil,40.554735,-3.641679
Parque De Entretenimiento,40.554451,-3.659664
The S Structure,40.552953,-3.653307
Parque Temático del Los Astronautas,40.55131,-3.65334
Citadel,40.547792,-3.657494
Fuente Parque Galicia,40.542122,-3.656672
Hórreo,40.54207,-3.657484
Fuente Del Parque Andalucia,40.541926,-3.647952
Escultura Braga Circle,40.541046,-3.648078
Escultura Streaker Flat,40.540933,-3.647077
Puente del Parque de Andalucía,40.54006,-3.64597
Fuente Angel,40.545688,-3.644383
Estatua Gaudí,40.540904,-3.638473
Parque Euskadi,40.557353,-3.6315
Mural Centro Joven,40.55544,-3.63139
Exercise Area,40.555153,-3.62642
Fuente La Vega,40.535141,-3.634682
Pianista Y Musa,40.535482,-3.634392
Pista De Patinaje,40.565962,-3.628849
Fuente Parque De La Comunidad,40.54564,-3.63739
Cocodrilo (Mordor),40.558022,-3.648666
Campo De Futbol Oscar Molina,40.55213,-3.642368
Tread Water,40.548321,-3.6537
El Leon,40.540113,-3.654136
Club Salud Y Deporte,40.538208,-3.627494
Polideportivo José Caballero,40.53666,-3.619281
Estación De Metro MANUEL DE FALLA,40.55038,-3.647124
Teatro Auditorio Ciudad De Alcobendas,40.548169,-3.642765
Monumento Conciencia,40.547747,-3.641515
Ayuntamiento de Alcobendas,40.547596,-3.641259
Centro Cultural Pablo Iglesias,40.543295,-3.644305
Mural Abogados Atocha Alcobendas,40.543148,-3.64045
Antiguo Pozo,40.542559,-3.636427
Alcobendas 2000,40.542432,-3.633363
Fuente General Gómez Oria,40.540649,-3.634388
Iglesia de San Pedro,40.54109,-3.632461
Centro de Arte de Alcobendas,40.540957,-3.630675
Cocodrilo Cervantes,40.551056,-3.633415
Escena de caza,40.550514,-3.63283
Plaza de Toros,40.550375,-3.623971
Ayuntamiento San Sebastián De Los Reyes,40.547498,-3.626194
Tattoo House,40.545516,-3.629036
Clever,40.544073,-3.63034
Parque Infantil (Alegra),40.5621,-3.614649
Parque Infantil,40.543398,-3.626671
Mirador Del Río,40.559385,-3.635172
Plaza Obradoiro,40.562173,-3.627839
Chica descansando,40.556356,-3.636188
Pista De Hockey,40.55828,-3.63157
Centro De Educación Y Gestión Ambiental,40.559576,-3.623634
Anduriña,40.559195,-3.618067
Fuente Nh Sanse,40.558553,-3.613714
Teatro Adolfo Marsillach,40.554182,-3.633168
Catapulta,40.555102,-3.609544
Mascara,40.550795,-3.609736
Torre De Pentagonos,40.549382,-3.609901
Monolito Azul,40.5406,-3.614294
Bolas Extrañas 2,40.566336,-3.609925
Parque Escondido,40.565842,-3.609639
Buffalo Grill,40.530001,-3.646636
Fuente Indra Violeta,40.528881,-3.6418
Bolo Gigante,40.530905,-3.637988
Metro La Moraleja,40.531806,-3.635515
Iglesia De Santa María De La Esperanza,40.54193,-3.65162
Bancos Arroyo Valconejeros,40.55841,-3.64119
Parque Kukuxumusu,40.537835,-3.620201
Los Peñotes,40.521029,-3.657646
Fuente Marques Valdavia,40.541168,-3.637848
Fuente,40.549506,-3.627873
Statues Of Trees,40.549422,-3.659791
Parque Cerro Del Tambor,40.555226,-3.643392
Balancín Elefante,40.549713,-3.6212
Campo Fútbol Sanse,40.545098,-3.616763
Campo De Fútbol Polideportivo Valdelasfuentes,40.553143,-3.647488
Ciudad Deportiva Valdelasfuentes,40.550896,-3.648802
Dado Park,40.527439,-3.650585
Polideportivo Municipal Dehesa Boyal,40.568199,-3.631681
Parque de la Araña,40.5627,-3.632096
Plaza De Juegos,40.563012,-3.623789
Zona Infantil,40.543187,-3.625765
Máquina De Tableta De Chocolate,40.533483,-3.639315
El Hormiguero,40.54391,-3.658523
Pollitos MiniPark,40.558609,-3.655972
Fuente Chorros,40.555971,-3.65318
Instalación Deportiva Rioja,40.547551,-3.643061
Jueguetitos Infantiles,40.543446,-3.612601
Mural En Plaza,40.547556,-3.627126
Playground,40.566293,-3.612763
Pista Polideportiva Municipal Alegra,40.567116,-3.605629
Parque Avenida Fuente Lucha,40.555677,-3.659646
Plaza Norte Punto De Encuentro D. Kaito,40.542671,-3.611202
Parque Galicia - Parajes Naturales,40.541675,-3.656776
Fuente Cascada,40.562338,-3.633012
Castillo Con Arbolito,40.557112,-3.640053
Área Infantil de Juegos,40.562723,-3.631258
Plaza Norte,40.541244,-3.612279
Museo Del Bonsai,40.536712,-3.630611
Rafa Nadal,40.538646,-3.620285
Área de ejercicios Pista Patinaje,40.537206,-3.626806
Area Infantil María Pineda,40.562946,-3.622524
Fuente La Dehesa,40.567293,-3.653389
MariquiPark,40.558574,-3.648937